{
  "district_mean": {
    "강남구": 6.545454545454546,
    "강동구": 5.230769230769231,
    "강북구": 3.0,
    "강서구": 5.444444444444445,
    "관악구": 5.5,
    "광진구": 6.6,
    "구로구": 3.0,
    "노원구": 7.222222222222222,
    "도봉구": 6.6,
    "동대문구": 5.257142857142857,
    "동작구": 4.642857142857143,
    "마포구": 6.1,
    "서대문구": 6.181818181818182,
    "서초구": 6.8,
    "성동구": 5.545454545454546,
    "성북구": 4.5,
    "송파구": 5.041666666666667,
    "영등포구": 5.357142857142857,
    "용산구": 6.214285714285714,
    "은평구": 6.875,
    "중랑구": 7.571428571428571
  },
  "rate_fallback": {
    "('강남구', '청년')": 313.92857142857144,
    "('강동구', '청년')": 571.6666666666666,
    "('강북구', '신혼Ⅰ')": 11.95,
    "('강북구', '청년')": 16.5,
    "('강서구', '신혼Ⅰ')": 51.357142857142854,
    "('강서구', '청년')": 250.1833333333333,
    "('관악구', '신혼Ⅰ')": 45.48333333333333,
    "('관악구', '청년')": 273.775,
    "('광진구', '신혼Ⅰ')": 40.0,
    "('광진구', '청년')": 374.5333333333333,
    "('구로구', '신혼Ⅰ')": 9.55,
    "('노원구', '신혼Ⅰ')": 33.0,
    "('노원구', '청년')": 29.2,
    "('도봉구', '청년')": 98.15,
    "('동대문구', '신혼Ⅰ')": 17.400000000000002,
    "('동대문구', '신혼Ⅱ')": 24.2,
    "('동대문구', '청년')": 289.5541666666667,
    "('동작구', '신혼Ⅰ')": 17.35,
    "('동작구', '청년')": 78.5,
    "('마포구', '청년')": 1186.0,
    "('서대문구', '신혼Ⅰ')": 17.0,
    "('서대문구', '청년')": 350.14285714285717,
    "('서초구', '청년')": 265.0,
    "('성동구', '신혼Ⅰ')": 110.2,
    "('성동구', '청년')": 82.26666666666667,
    "('성북구', '신혼Ⅰ')": 7.442857142857143,
    "('성북구', '청년')": 78.40833333333333,
    "('송파구', '신혼Ⅰ')": 38.54090909090909,
    "('송파구', '청년')": 322.06666666666666,
    "('영등포구', '신혼Ⅰ')": 102.325,
    "('영등포구', '청년')": 385.9166666666667,
    "('용산구', '신혼Ⅰ')": 119.0,
    "('용산구', '청년')": 236.125,
    "('은평구', '신혼Ⅰ')": 24.066666666666663,
    "('은평구', '청년')": 635.4384615384616,
    "('중랑구', '청년')": 171.22
  },
  "supply_fallback": {
    "('강남구', '청년')": 2.857142857142857,
    "('강동구', '청년')": 1.3333333333333333,
    "('강북구', '신혼Ⅰ')": 18.5,
    "('강북구', '청년')": 47.0,
    "('강서구', '신혼Ⅰ')": 10.714285714285714,
    "('강서구', '청년')": 19.916666666666668,
    "('관악구', '신혼Ⅰ')": 4.5,
    "('관악구', '청년')": 6.75,
    "('광진구', '신혼Ⅰ')": 1.0,
    "('광진구', '청년')": 2.75,
    "('구로구', '신혼Ⅰ')": 11.5,
    "('노원구', '신혼Ⅰ')": 1.0,
    "('노원구', '청년')": 46.0,
    "('도봉구', '청년')": 2.5,
    "('동대문구', '신혼Ⅰ')": 5.636363636363637,
    "('동대문구', '신혼Ⅱ')": 14.0,
    "('동대문구', '청년')": 16.541666666666668,
    "('동작구', '신혼Ⅰ')": 12.0,
    "('동작구', '청년')": 27.0,
    "('마포구', '청년')": 3.0,
    "('서대문구', '신혼Ⅰ')": 3.5,
    "('서대문구', '청년')": 1.7142857142857142,
    "('서초구', '청년')": 2.0,
    "('성동구', '신혼Ⅰ')": 5.0,
    "('성동구', '청년')": 4.666666666666667,
    "('성북구', '신혼Ⅰ')": 7.857142857142857,
    "('성북구', '청년')": 11.583333333333334,
    "('송파구', '신혼Ⅰ')": 6.681818181818182,
    "('송파구', '청년')": 16.296296296296298,
    "('영등포구', '신혼Ⅰ')": 2.0,
    "('영등포구', '청년')": 2.5,
    "('용산구', '신혼Ⅰ')": 2.0,
    "('용산구', '청년')": 5.125,
    "('은평구', '신혼Ⅰ')": 8.333333333333334,
    "('은평구', '청년')": 14.23076923076923,
    "('중랑구', '청년')": 2.0
  },
  "cat_map": {
    "district": {
      "0": "강남구",
      "1": "강동구",
      "2": "강북구",
      "3": "강서구",
      "4": "관악구",
      "5": "광진구",
      "6": "구로구",
      "7": "노원구",
      "8": "도봉구",
      "9": "동대문구",
      "10": "동작구",
      "11": "마포구",
      "12": "서대문구",
      "13": "서초구",
      "14": "성동구",
      "15": "성북구",
      "16": "송파구",
      "17": "영등포구",
      "18": "용산구",
      "19": "은평구",
      "20": "중랑구"
    },
    "supply_target": {
      "0": "신혼Ⅰ",
      "1": "신혼Ⅱ",
      "2": "청년",
      "3": "청년(팀형)"
    },
    "applicant_rank": {
      "0": "1순위",
      "1": "2순위",
      "2": "3순위"
    },
    "review_stage": {
      "0": "서류",
      "1": "최종"
    }
  }
}